rid,palabras_max,caracteres_max,paginas_max,resumen_max,recepcion,fecha_limite,evidencia,url,fecha,manual
0001-4273,,,40.0,,Por convocatoria,,"s, such as r2, R2, and ŋ2. Although there is no formal page limit, manuscripts submitted for this section are typically between 20 and 40 pages. As always, length should reflect the value of the contribution. Essays, Dialogues, and Interviews Essays are original",https://www.aom.org/publications/journals/publishing-with-aom/author-and-reviewer-resources/reviewer-resources/,2026-10-05 18:35,0
0001-4826,,,,,,,,http://aaahq.org/pubs/acctrev.htm,2026-10-05 18:35,0
0001-8392,,,,,,,,http://asq.sagepub.com/,2026-10-05 18:35,0
0003-486X,,,,,,,,http://annals.math.princeton.edu/,2026-10-05 18:35,0
0007-1234,,,,,,,,http://journals.cambridge.org/action/displayJournal?jid=JPS,2026-10-05 18:35,0
0007-2303,,,,,,,,http://www.brookings.edu/economics/bpea.aspx,2026-10-05 18:35,0
0007-6503,,,,,,,,http://www.iabs.net/,2026-10-05 18:35,0
0007-6813,,,,,,,,https://www.journals.elsevier.com/business-horizons,2026-10-05 18:35,0
0010-1958,35000.0,,,,Continua,,"the same standard and thorough process of review. Word Count The Articles and Essays Committees typically accept pieces between 20,000 and 35,000 words (including footnotes). CLR Forum has a strong preference for pieces between 3,000 and 12,000 words (including footnotes",https://www.columbialawreview.org/submissions-instructions/,2026-10-05 18:36,0
0010-4655,,,,,,,,http://www.elsevier.com/locate/cpc,2026-10-05 18:36,0
0012-9682,,,,,,,,http://onlinelibrary.wiley.com/journal/10.1111/(ISSN)1468-0262,2026-10-05 18:35,0
0013-0095,,,,,,,,https://www.tandfonline.com/toc/recg20/current,2026-10-05 18:35,0
0013-0427,,,,,,,,http://onlinelibrary.wiley.com/journal/10.1111/(ISSN)1468-0335,2026-10-05 18:36,0
0013-161X,,,,,,,,http://www.sagepub.com/journals/Journal200854/title,2026-10-05 18:36,0
0014-2921,,,,,,,,http://www.elsevier.com/wps/find/journaldescription.cws_home/505541/description#description,2026-10-05 18:36,0
0017-257X,,,,,Continua,,"principle of intellectual rigour. To ensure rigour we practise anonymous refereeing. We now publish annual volumes on a continuous basis. Latest content View all Article Rulers’ Age and the Stability of Governments: A Survival Analysis Marco Improta, El",https://www.cambridge.org/core/journals/government-and-opposition,2026-10-05 18:36,0
0017-811X,,,,,Continua,,"the Forum, are published monthly from November through June. The Review, the Forum, and online Blog welcome submissions throughout the year. Submissions Subscriptions Fellowships Writing Competition The Bluebook® Forum Federal Courts Essay Vaccines, Religi",https://harvardlawreview.org/,2026-10-05 18:36,0
0018-1560,,,,,,,,http://www.springer.com/10734,2026-10-05 18:36,0
0018-7267,,,,,,,,http://www.humanrelationsjournal.org/,2026-10-05 18:35,0
0018-9286,,,,,,,,http://ieeexplore.ieee.org/servlet/opac?punumber=9,2026-10-05 18:35,0
0018-9391,,,,,,,,http://ieeexplore.ieee.org/xpl/RecentIssue.jsp?punumber=17,2026-10-05 18:36,0
0019-0578,,,,,,,,https://www.journals.elsevier.com/isa-transactions,2026-10-05 18:36,0
0019-7939,,,,,,,,http://www.ilr.cornell.edu/ilrreview/,2026-10-05 18:36,0
0019-8501,,,,,,,,https://www.journals.elsevier.com/industrial-marketing-management,2026-10-05 18:35,0
0019-8676,,,,,,,,https://onlinelibrary.wiley.com/journal/1468232X,2026-10-05 18:36,0
0020-0255,,,,,,,,https://www.journals.elsevier.com/information-sciences,2026-10-05 18:36,0
0020-7543,,,,,,,,https://www.tandfonline.com/toc/tprs20/current,2026-10-05 18:36,0
0022-0515,,,,,,,,http://www.aeaweb.org/journal.html,2026-10-05 18:35,0
0022-1082,,,,,,,,http://www.wiley.com/bw/journal.asp?ref=0022-1082,2026-10-05 18:35,0
0022-1090,,,,,,,,https://www.cambridge.org/core/journals/journal-of-financial-and-quantitative-analysis,2026-10-05 18:35,0
0022-2380,,,,,,,,https://onlinelibrary.wiley.com/journal/14676486,2026-10-05 18:35,0
0022-2437,,,,,,,,https://us.sagepub.com/en-us/nam/journal-of-marketing-research/journal203574,2026-10-05 18:35,0
0022-3433,,,,,,,,http://jpr.sagepub.com/,2026-10-05 18:36,0
0022-3808,,,,,,,,http://www.journals.uchicago.edu/toc/jpe/current,2026-10-05 18:35,0
0022-4359,,,,,,,,https://www.journals.elsevier.com/journal-of-retailing,2026-10-05 18:35,0
0024-6301,,,,,,,,https://www.journals.elsevier.com/long-range-planning,2026-10-05 18:35,0
0025-1909,,,,,,,,http://pubsonline.informs.org/journal/mnsc,2026-10-05 18:35,0
0030-364X,,,,,,,,http://or.journal.informs.org/,2026-10-05 18:35,0
0031-3203,,,,,,,,https://www.journals.elsevier.com/pattern-recognition,2026-10-05 18:36,0
0031-5826,,,,,,,,https://onlinelibrary.wiley.com/journal/17446570,2026-10-05 18:35,0
0032-3292,,,,,,,,http://journals.sagepub.com/home/pas,2026-10-05 18:36,0
0033-3352,,,,,,,,http://onlinelibrary.wiley.com/journal/10.1111/(ISSN)1540-6210,2026-10-05 18:35,0
0033-5533,,,,,,,,http://qje.oxfordjournals.org/,2026-10-05 18:35,0
0034-6527,,,,,,,,https://academic.oup.com/restud,2026-10-05 18:35,0
0034-6535,,,,,,,,http://www.mitpressjournals.org/loi/rest,2026-10-05 18:35,0
0038-9765,,,,,,,,http://www.stanfordlawreview.org/,2026-10-05 18:36,0
0040-1625,,,,,,,,https://www.journals.elsevier.com/technological-forecasting-and-social-change,2026-10-05 18:35,0
0042-6601,15500.0,,,,Por convocatoria,,"and the loose-leaf Current Index to Legal Periodicals; major cases; topical reporters; and Journal Articles and Notes. Length: Notes must be between 10,000–15,500 words inclusive of footnotes. The word limit does not include any information on the cover page, such as the table of content",https://virginialawreview.org/submissions/notes/,2026-10-05 18:36,0
0043-8871,,,,,,,,http://www.princeton.edu/piirs/worldpolitics-journal/,2026-10-05 18:35,0
0044-0094,,,,,,,,http://yalelawjournal.org/,2026-10-05 18:35,0
0045-7825,,,,,,,,https://www.journals.elsevier.com/computer-methods-in-applied-mechanics-and-engineering,2026-10-05 18:36,0
0047-2506,,,,,,,,http://www.jibs.net/,2026-10-05 18:35,0
0047-2727,,,,,,,,https://www.journals.elsevier.com/journal-of-public-economics,2026-10-05 18:35,0
0047-2778,,,,,,,,http://onlinelibrary.wiley.com/journal/10.1111/(ISSN)1540-627X,2026-10-05 18:36,0
0048-3486,,,,,,,,http://www.emeraldinsight.com/loi/pr,2026-10-05 18:36,0
0048-7333,,,,,,,,https://www.journals.elsevier.com/research-policy,2026-10-05 18:35,0
0090-2616,,,,,,,,https://www.journals.elsevier.com/organizational-dynamics,2026-10-05 18:36,0
0090-4848,,,,,,,,https://onlinelibrary.wiley.com/journal/1099050X,2026-10-05 18:35,0
0092-0703,,,,,,,,http://www.springer.com/jams,2026-10-05 18:35,0
0092-5853,,,,,,,,https://onlinelibrary.wiley.com/journal/15405907,2026-10-05 18:35,0
0093-5301,,,,,,,,http://www.ejcr.org/,2026-10-05 18:35,0
0094-114X,,,,,,,,https://www.journals.elsevier.com/mechanism-and-machine-theory,2026-10-05 18:36,0
0140-2382,,,,,,,,http://www.tandfonline.com/action/aboutThisJournal?journalCode=fwep20,2026-10-05 18:35,0
0140-9883,,,,,,,,http://www.journals.elsevier.com/energy-economics/,2026-10-05 18:35,0
0143-6228,,,,,,,,http://www.journals.elsevier.com/applied-geography/,2026-10-05 18:36,0
0148-2963,,,,,,,,https://www.journals.elsevier.com/journal-of-business-research,2026-10-05 18:35,0
0149-2063,,,,,,,,http://www.sagepub.com/journals/Journal201724/title,2026-10-05 18:35,0
0160-7383,,,,,,,,https://www.journals.elsevier.com/annals-of-tourism-research,2026-10-05 18:36,0
0160-791X,,,,,,,,https://www.journals.elsevier.com/technology-in-society,2026-10-05 18:35,0
0162-8828,,,12.0,,Por convocatoria,,"but nonessential information (such as appendices) should be submitted as supplemental material. The regular paper page length limit is defined at 12 formatted pages for Transactions and four formatted pages for Letters, including references and author biographies. Any pages or fracti",https://www.computer.org/publications/author-resources,2026-10-05 18:35,0
0162-895X,,,,,,,,http://onlinelibrary.wiley.com/journal/10.1111/(ISSN)1467-9221,2026-10-05 18:36,0
0165-4101,,,,,,,,http://www.journals.elsevier.com/journal-of-accounting-and-economics/,2026-10-05 18:35,0
0166-3615,,,,,,,,https://www.journals.elsevier.com/computers-in-industry,2026-10-05 18:36,0
0166-4972,,,,,,,,https://www.journals.elsevier.com/technovation,2026-10-05 18:35,0
0167-4048,,,,,,,,https://www.journals.elsevier.com/computers-and-security,2026-10-05 18:36,0
0167-7187,,,,,,,,https://www.journals.elsevier.com/international-journal-of-industrial-organization,2026-10-05 18:36,0
0167-739X,,,,,,,,https://www.journals.elsevier.com/future-generation-computer-systems,2026-10-05 18:36,0
0167-8116,,,,,,,,https://www.journals.elsevier.com/international-journal-of-research-in-marketing,2026-10-05 18:35,0
0167-9236,,,,,,,,https://www.journals.elsevier.com/decision-support-systems,2026-10-05 18:36,0
0168-1699,,,,,,,,https://www.journals.elsevier.com/computers-and-electronics-in-agriculture,2026-10-05 18:36,0
0169-2070,,,,,,,,https://www.sciencedirect.com/journal/international-journal-of-forecasting,2026-10-05 18:36,0
0178-8051,,,,,,,,http://www.springer.com/mathematics/probability/journal/440,2026-10-05 18:36,0
0191-2615,,,,,,,,https://www.journals.elsevier.com/transportation-research-part-b-methodological,2026-10-05 18:36,0
0191-3085,,,,,,,,https://www.journals.elsevier.com/research-in-organizational-behavior,2026-10-05 18:36,0
0261-3794,,,,,,,,https://www.journals.elsevier.com/electoral-studies,2026-10-05 18:36,0
0261-5177,,,,,,,,https://www.journals.elsevier.com/tourism-management,2026-10-05 18:35,0
0263-2373,,,,,,,,https://www.journals.elsevier.com/european-management-journal,2026-10-05 18:36,0
0263-7863,,,,,,,,https://www.journals.elsevier.com/international-journal-of-project-management,2026-10-05 18:36,0
0264-2751,,,,,,,,http://www.journals.elsevier.com/cities,2026-10-05 18:36,0
0265-1335,,,,,,,,http://www.emeraldinsight.com/journals.htm?issn=0265-1335,2026-10-05 18:36,0
0265-2323,,,,,,,,http://info.emeraldinsight.com/products/journals/journals.htm?id=ijbm,2026-10-05 18:36,0
0266-2426,,,,,,,,http://isb.sagepub.com/,2026-10-05 18:36,0
0266-352X,,,,,,,,https://www.journals.elsevier.com/computers-and-geotechnics,2026-10-05 18:36,0
0266-4658,,,,,,,,https://academic.oup.com/economicpolicy,2026-10-05 18:35,0
0266-4666,,,,,,,,https://www.cambridge.org/core/journals/econometric-theory,2026-10-05 18:36,0
0268-1072,,,,,,,,https://onlinelibrary.wiley.com/journal/1468005X,2026-10-05 18:35,0
0268-4012,,,,,,,,https://www.journals.elsevier.com/international-journal-of-information-management,2026-10-05 18:35,0
0269-2821,,,,,,,,https://link.springer.com/journal/10462,2026-10-05 18:35,0
0275-5319,,,,,,,,https://www.journals.elsevier.com/research-in-international-business-and-finance,2026-10-05 18:36,0
0276-7783,,,,,,,,http://www.misq.org/,2026-10-05 18:35,0
0276-8739,,,,,,,,http://onlinelibrary.wiley.com/journal/10.1002/(ISSN)1520-6688,2026-10-05 18:36,0
0278-0062,,,,,,,,http://ieeexplore.ieee.org/xpl/RecentIssue.jsp?punumber=42,2026-10-05 18:36,0
0278-3649,,,,,,,,http://www.sagepub.com/journals/Journal201324/title,2026-10-05 18:36,0
0278-4319,,,,,,,,https://www.journals.elsevier.com/international-journal-of-hospitality-management,2026-10-05 18:36,0
0278-6125,,,,,,,,https://www.journals.elsevier.com/journal-of-manufacturing-systems,2026-10-05 18:35,0
0301-4207,,,,,,,,https://www.sciencedirect.com/journal/resources-policy,2026-10-05 18:36,0
0304-3878,,,,,,,,http://www.elsevier.com/wps/find/journaldescription.cws_home/505546/description#description,2026-10-05 18:35,0
0304-3932,,,,,,,,http://www.journals.elsevier.com/journal-of-monetary-economics/#description,2026-10-05 18:35,0
0304-405X,,,,,,,,http://www.journals.elsevier.com/journal-of-financial-economics/,2026-10-05 18:35,0
0304-4076,,,,,,,,http://www.elsevier.com/locate/jeconom,2026-10-05 18:35,0
0305-0483,,,,,,,,https://www.journals.elsevier.com/omega,2026-10-05 18:36,0
0305-0548,,,,,,,,https://www.journals.elsevier.com/computers-and-operations-research,2026-10-05 18:36,0
0305-7410,,,,,,,,http://journals.cambridge.org/action/displayJournal?jid=CQY,2026-10-05 18:36,0
0305-750X,,,,,,,,http://www.elsevier.com/wps/find/journaldescription.cws_home/386/description#description,2026-10-05 18:36,0
0306-9192,,,,,,,,https://www.journals.elsevier.com/food-policy,2026-10-05 18:36,0
0308-5961,,,,,,,,https://www.journals.elsevier.com/telecommunications-policy,2026-10-05 18:36,0
0309-0566,,,,,,,,http://info.emeraldinsight.com/products/journals/journals.htm?id=ejm,2026-10-05 18:36,0
0360-0300,,,,,,,,http://csur.acm.org/,2026-10-05 18:35,0
0360-1315,,,,,,,,https://www.journals.elsevier.com/computers-and-education,2026-10-05 18:35,0
0360-8352,,,,,,,,https://www.journals.elsevier.com/computers-and-industrial-engineering,2026-10-05 18:36,0
0361-3682,,,,,,,,https://www.journals.elsevier.com/accounting-organizations-and-society,2026-10-05 18:35,0
0363-7425,,,40.0,,Por convocatoria,,"s, such as r2, R2, and ŋ2. Although there is no formal page limit, manuscripts submitted for this section are typically between 20 and 40 pages. As always, length should reflect the value of the contribution. Essays, Dialogues, and Interviews Essays are original",https://www.aom.org/publications/journals/publishing-with-aom/author-and-reviewer-resources/reviewer-resources/,2026-10-05 18:35,0
0377-2217,,,,,,,,https://www.journals.elsevier.com/european-journal-of-operational-research,2026-10-05 18:36,0
0378-4266,,,,,,,,http://www.journals.elsevier.com/journal-of-banking-and-finance/,2026-10-05 18:36,0
0378-7206,,,,,,,,https://www.journals.elsevier.com/information-and-management,2026-10-05 18:36,0
0703-6337,,,,,,,,https://www.tandfonline.com/toc/geui20/current,2026-10-05 18:36,0
0730-8884,,,,,,,,http://wox.sagepub.com/,2026-10-05 18:35,0
0732-2399,,,,,,,,http://pubsonline.informs.org/journal/mksc,2026-10-05 18:35,0
0734-306X,,,,,,,,http://www.journals.uchicago.edu/JOLE/home.html,2026-10-05 18:35,0
0735-0015,,,,,,,,http://amstat.tandfonline.com/loi/jbes#.uvek9_zmsnq,2026-10-05 18:35,0
0736-5845,,,,,,,,https://www.journals.elsevier.com/robotics-and-computer-integrated-manufacturing,2026-10-05 18:35,0
0736-5853,,,,,,,,https://www.journals.elsevier.com/telematics-and-informatics,2026-10-05 18:36,0
0737-8831,,,,,,,,http://www.emeraldinsight.com/0737-8831.htm,2026-10-05 18:36,0
0740-624X,,,,,,,,https://www.journals.elsevier.com/government-information-quarterly,2026-10-05 18:35,0
0742-6046,,,,,,,,https://onlinelibrary.wiley.com/journal/15206793,2026-10-05 18:35,0
0743-9156,,,,,,,,https://journals.sagepub.com/home/ppoa,2026-10-05 18:36,0
0747-5632,,,,,,,,https://www.journals.elsevier.com/computers-in-human-behavior,2026-10-05 18:35,0
0749-5978,,,,,,,,https://www.journals.elsevier.com/organizational-behavior-and-human-decision-processes,2026-10-05 18:35,0
0823-9150,,,,,,,,http://onlinelibrary.wiley.com/journal/10.1111/(ISSN)1911-3846,2026-10-05 18:35,0
0883-4237,,,,,,,,http://www.imstat.org/sts/,2026-10-05 18:36,0
0883-9026,,,,,,,,https://www.journals.elsevier.com/journal-of-business-venturing,2026-10-05 18:35,0
0887-6045,,,,,,,,http://www.emeraldinsight.com/journals.htm?issn=0887-6045,2026-10-05 18:36,0
0888-3270,,,,,,,,https://www.journals.elsevier.com/mechanical-systems-and-signal-processing,2026-10-05 18:36,0
0890-8044,,,,,,,,http://ieeexplore.ieee.org/servlet/opac?punumber=65,2026-10-05 18:36,0
0891-2017,,,,,,,,http://mitpress.mit.edu/catalog/item/default.asp?ttype=4&tid=10,2026-10-05 18:36,0
0892-9912,,,,,,,,https://link.springer.com/journal/10961,2026-10-05 18:36,0
0893-6080,,,,,,,,http://www.elsevier.com/locate/neunet,2026-10-05 18:36,0
0895-3309,,,,,,,,http://www.aeaweb.org/jep/,2026-10-05 18:35,0
0920-5691,,,,,,,,http://link.springer.com/journal/11263,2026-10-05 18:35,0
0921-8009,,,,,,,,http://www.journals.elsevier.com/ecological-economics/,2026-10-05 18:36,0
0921-8890,,,,,,,,https://www.journals.elsevier.com/robotics-and-autonomous-systems,2026-10-05 18:36,0
0924-0136,,,,,,,,https://www.journals.elsevier.com/journal-of-materials-processing-technology,2026-10-05 18:36,0
0924-2716,,,,,,,,https://www.journals.elsevier.com/isprs-journal-of-photogrammetry-and-remote-sensing,2026-10-05 18:35,0
0924-6495,,,,,,,,http://www.springer.com/computer/ai/journal/11023,2026-10-05 18:36,0
0925-2312,,,,,,,,http://www.elsevier.com/locate/neucom,2026-10-05 18:36,0
0925-5273,,,,,,,,https://www.journals.elsevier.com/international-journal-of-production-economics,2026-10-05 18:35,0
0927-5371,,,,,,,,https://www.journals.elsevier.com/labour-economics,2026-10-05 18:36,0
0929-1199,,,,,,,,https://www.journals.elsevier.com/journal-of-corporate-finance,2026-10-05 18:35,0
0933-3657,,,,,,,,https://www.sciencedirect.com/journal/artificial-intelligence-in-medicine,2026-10-05 18:36,0
0950-7051,,,,,,,,https://www.journals.elsevier.com/knowledge-based-systems,2026-10-05 18:36,0
0951-5666,,,,,,,,https://link.springer.com/journal/146,2026-10-05 18:36,0
0952-1895,,,,,,,,http://onlinelibrary.wiley.com/journal/10.1111/(ISSN)1468-0491,2026-10-05 18:36,0
0952-1976,,,,,,,,https://www.journals.elsevier.com/engineering-applications-of-artificial-intelligence,2026-10-05 18:36,0
0953-7287,,,,,,,,https://www.tandfonline.com/toc/tppc20/current,2026-10-05 18:36,0
0954-1314,,,,,,,,http://onlinelibrary.wiley.com/journal/10.1111/(ISSN)1467-646X,2026-10-05 18:36,0
0957-4174,,,,,,,,https://www.journals.elsevier.com/expert-systems-with-applications,2026-10-05 18:36,0
0958-3440,,,,,,,,http://journals.cambridge.org/rec,2026-10-05 18:36,0
0958-5192,,,,,,,,https://www.tandfonline.com/toc/rijh20/current,2026-10-05 18:36,0
0959-6119,,,,,,,,http://info.emeraldinsight.com/products/journals/journals.htm?PHPSESSID=f12tfohm50otq9nsiese7tl496&id=ijchm,2026-10-05 18:35,0
0959-6526,,,,,,,,https://www.journals.elsevier.com/journal-of-cleaner-production,2026-10-05 18:36,0
0960-0035,,,,,,,,http://www.emeraldinsight.com/ijpdlm.jsp,2026-10-05 18:36,0
0960-085X,,,,,,,,http://www.palgrave-journals.com/ejis/index.html,2026-10-05 18:35,0
0960-1627,,,,,,,,https://onlinelibrary.wiley.com/journal/14679965,2026-10-05 18:36,0
0963-8008,,,,,,,,https://onlinelibrary.wiley.com/journal/14680416,2026-10-05 18:36,0
0963-8180,,,,,,,,https://www.tandfonline.com/toc/rear20/current,2026-10-05 18:36,0
0963-8687,,,,,,,,https://www.journals.elsevier.com/the-journal-of-strategic-information-systems,2026-10-05 18:35,0
0964-8410,,,,,,,,http://onlinelibrary.wiley.com/journal/10.1111/(ISSN)1467-8683,2026-10-05 18:36,0
0965-8564,,,,,,,,https://www.journals.elsevier.com/transportation-research-part-a-policy-and-practice,2026-10-05 18:36,0
0966-9582,,,,,,,,https://www.tandfonline.com/toc/rsus20/current,2026-10-05 18:36,0
0968-090X,,,,,,,,https://www.journals.elsevier.com/transportation-research-part-c-emerging-technologies,2026-10-05 18:36,0
0969-2290,,,,,,,,http://www.tandfonline.com/action/journalInformation?journalCode=rrip20,2026-10-05 18:36,0
0969-5931,,,,,,,,https://www.journals.elsevier.com/international-business-review,2026-10-05 18:36,0
0969-6989,,,,,,,,https://www.journals.elsevier.com/journal-of-retailing-and-consumer-services,2026-10-05 18:35,0
1024-2589,,,,,,,,http://trs.sagepub.com/,2026-10-05 18:36,0
1024-5294,,,,,,,,https://us.sagepub.com/en-us/nam/journal/competition-change,2026-10-05 18:36,0
1041-4347,,,12.0,,Por convocatoria,,"but nonessential information (such as appendices) should be submitted as supplemental material. The regular paper page length limit is defined at 12 formatted pages for Transactions and four formatted pages for Letters, including references and author biographies. Any pages or fracti",https://www.computer.org/publications/author-resources,2026-10-05 18:35,0
1042-2587,,,,,,,,https://journals.sagepub.com/home/etpb,2026-10-05 18:35,0
1043-951X,,,,,,,,http://www.journals.elsevier.com/china-economic-review/#description,2026-10-05 18:36,0
1044-5005,,,,,,,,https://www.journals.elsevier.com/management-accounting-research,2026-10-05 18:36,0
1045-2354,,,,,,,,https://www.journals.elsevier.com/critical-perspectives-on-accounting,2026-10-05 18:36,0
1045-3172,,,,,,,,http://onlinelibrary.wiley.com/journal/10.1111/(ISSN)1467-8551,2026-10-05 18:35,0
1047-1987,,,,,,,,http://pan.oxfordjournals.org,2026-10-05 18:35,0
1048-9843,,,,,,,,https://www.journals.elsevier.com/the-leadership-quarterly,2026-10-05 18:35,0
1049-4820,,,,,,,,https://www.tandfonline.com/toc/nile20/current,2026-10-05 18:36,0
1050-5164,,,,,,,,http://imstat.org/aap/,2026-10-05 18:36,0
1052-150X,,,,,,,,http://journals.cambridge.org/BEQ,2026-10-05 18:36,0
1052-6234,,,,,,,,http://epubs.siam.org/journal/sjope8,2026-10-05 18:36,0
1053-4822,,,,,,,,https://www.sciencedirect.com/journal/human-resource-management-review,2026-10-05 18:35,0
1053-5888,,,,,,,,http://ieeexplore.ieee.org/servlet/opac?punumber=79,2026-10-05 18:36,0
1054-8408,,,,,,,,https://www.tandfonline.com/toc/wttm20/current,2026-10-05 18:36,0
1057-5219,,,,,,,,https://www.journals.elsevier.com/international-review-of-financial-analysis,2026-10-05 18:36,0
1059-0560,,,,,,,,https://www.journals.elsevier.com/international-review-of-economics-and-finance,2026-10-05 18:36,0
1059-1478,,,,,,,,http://onlinelibrary.wiley.com/journal/10.1111/(ISSN)1937-5956,2026-10-05 18:35,0
1060-586X,,,,,,,,https://www.tandfonline.com/toc/rpsa20/current,2026-10-05 18:36,0
1063-6706,,,,,,,,http://cis.ieee.org/ieee-transactions-on-fuzzy-systems.html,2026-10-05 18:35,0
1066-2243,,,,,,,,http://emeraldinsight.com/journals.htm?issn=1066-2243,2026-10-05 18:36,0
1069-6679,,,,,,,,https://www.tandfonline.com/toc/mmtp20/current,2026-10-05 18:36,0
1075-4253,,,,,,,,http://www.journals.elsevier.com/journal-of-international-management/,2026-10-05 18:36,0
1088-1980,,,,,,,,http://onlinelibrary.wiley.com/journal/10.1111/(ISSN)1530-9290,2026-10-05 18:36,0
1088-4963,,,,,,,,http://onlinelibrary.wiley.com/journal/10.1111/(ISSN)1088-4963,2026-10-05 18:36,0
1089-778X,,,,,,,,http://cis.ieee.org/ieee-transactions-on-evolutionary-computation.html,2026-10-05 18:35,0
1089-7798,11000.0,,,,Convocatoria cerrada,2026-08-26,"les organized to provide comprehensive coverage of developments and the state of the art in each subject. They can be a maximum of fourteen pages, up to 11,000 words, up to 12 figures/tables, up to 6 simple equations, and up to 30 references. The Math Corner ComMag’s Math Corner is de",https://www.comsoc.org/publications/magazines/ieee-communications-magazine/policies-guidelines,2026-10-05 18:36,0
1090-2716,,,,,,,,http://www.elsevier.com/locate/jcp,2026-10-05 18:36,0
1090-9516,,,,,,,,https://www.journals.elsevier.com/journal-of-world-business,2026-10-05 18:35,0
1091-9856,,,,,,,,http://joc.journal.informs.org,2026-10-05 18:36,0
1094-3501,,,,,Por convocatoria,,"ing & Technology Welcomes New Editors-in-Chief Awards Feb 18 2026 Announcing the 2025 Dorothy Chun Best Paper Award Call for Papers Oct 13 2025 Call for papers for a special issue on Robot-assisted language learning Peter Crosthwaite, Yu-Ju Lan, Qi",https://www.lltjournal.org//,2026-10-05 18:36,0
1094-6705,,,,,,,,http://www.sagepub.com/journals/Journal200746/title,2026-10-05 18:35,0
1094-9968,,,,,,,,https://journals.sagepub.com/home/jnma,2026-10-05 18:35,0
1095-5623,,,,,,,,https://www.journals.elsevier.com/cognitive-psychology,2026-10-05 18:36,0
1095-7227,,,,,,,,http://www.journals.elsevier.com/journal-of-comparative-economics,2026-10-05 18:36,0
1095-7235,,,,,,,,https://www.sciencedirect.com/journal/journal-of-economic-theory,2026-10-05 18:35,0
1095-8347,,,,,,,,https://www.journals.elsevier.com/the-british-accounting-review,2026-10-05 18:36,0
1095-8592,,,,,,,,https://www.journals.elsevier.com/journal-of-network-and-computer-applications,2026-10-05 18:36,0
1095-9068,,,,,,,,https://www.journals.elsevier.com/journal-of-urban-economics,2026-10-05 18:35,0
1095-9084,,,,,,,,https://www.journals.elsevier.com/journal-of-vocational-behavior,2026-10-05 18:35,0
1096-0449,,,,,,,,http://www.elsevier.com/wps/find/journaldescription.cws_home/622870/description#description,2026-10-05 18:35,0
1096-0473,,,,,,,,https://www.journals.elsevier.com/journal-of-financial-intermediation,2026-10-05 18:36,0
1096-0821,,,,,,,,http://www.elsevier.com/locate/jml,2026-10-05 18:36,0
1096-0902,,,,,,,,https://www.sciencedirect.com/journal/journal-of-combinatorial-theory-series-b,2026-10-05 18:36,0
1096-3480,,,,,,,,http://www.sagepub.com/journals/Journal200848/title,2026-10-05 18:36,0
1096-6099,,,,,,,,https://www.sciencedirect.com/journal/review-of-economic-dynamics,2026-10-05 18:35,0
1097-0266,,,,,,,,https://onlinelibrary.wiley.com/journal/10970266,2026-10-05 18:35,0
1098-3058,,,,,,,,https://link.springer.com/journal/40558,2026-10-05 18:36,0
1099-0836,,,,,,,,https://onlinelibrary.wiley.com/journal/10990836,2026-10-05 18:35,0
1099-1255,,,,,,,,http://onlinelibrary.wiley.com/journal/10.1002/(ISSN)1099-1255,2026-10-05 18:35,0
1099-1379,,,,,,,,http://onlinelibrary.wiley.com/journal/10.1002/(ISSN)1099-1379,2026-10-05 18:35,0
1309-517X,9500.0,,,,,,"body of the manuscript, and it should not contain any information that may identify the authors of this manuscript. The length of the blinded text should be between 4500 and 9500 words. Authors should use the provided template files (for the title page and the blinded text) in Microsoft Word format ",https://www.bastas.me/home/submission-guidelines,2026-10-05 18:36,0
1350-1917,,,,,,,,http://onlinelibrary.wiley.com/journal/10.1111/(ISSN)1365-2575,2026-10-05 18:35,0
1350-5084,,,,,,,,http://www.sagepub.com/journals/Journal200981/title,2026-10-05 18:36,0
1351-0347,,,,,,,,https://www.tandfonline.com/toc/fdem20/current,2026-10-05 18:36,0
1356-7667,,,,,,,,http://www.sagepub.com/journals/Journal201732/title,2026-10-05 18:36,0
1359-432X,,,,,,,,https://www.tandfonline.com/toc/pewo20/current,2026-10-05 18:36,0
1359-8546,,,,,,,,http://www.emeraldgrouppublishing.com/scm.htm,2026-10-05 18:35,0
1361-8415,,,,,,,,https://www.journals.elsevier.com/medical-image-analysis,2026-10-05 18:35,0
1365-2729,,,,,,,,https://onlinelibrary.wiley.com/journal/13652729,2026-10-05 18:36,0
1366-2716,,,,,,,,https://www.tandfonline.com/toc/ciai20/current,2026-10-05 18:36,0
1366-5545,,,,,,,,https://www.journals.elsevier.com/transportation-research-part-e-logistics-and-transportation-review,2026-10-05 18:36,0
1367-4811,,,,,,,,http://bioinformatics.oxfordjournals.org/,2026-10-05 18:36,0
1367-5567,,,,,,,,https://www.tandfonline.com/toc/cjol20/current,2026-10-05 18:36,0
1367-5788,,,,,,,,https://www.journals.elsevier.com/annual-reviews-in-control,2026-10-05 18:35,0
1368-4221,,,,,,,,https://academic.oup.com/ectj,2026-10-05 18:35,0
1369-1481,,,,,,,,https://journals.sagepub.com/home/bpia,2026-10-05 18:36,0
1386-4181,,,,,,,,https://www.journals.elsevier.com/journal-of-financial-markets,2026-10-05 18:36,0
1388-1957,,,,,,,,https://www.springer.com/journal/10676,2026-10-05 18:36,0
1411-9544,,,,,,,,http://ijtihad.iainsalatiga.ac.id/index.php/ijtihad/index,2026-10-05 18:36,0
1422-8890,,,,,,,,http://www.electronicmarkets.org/,2026-10-05 18:36,0
1432-1475,,,,,,,,https://www.springer.com/journal/148,2026-10-05 18:36,0
1436-4646,,,,,,,,http://www.springer.com/mathematics/journal/10107,2026-10-05 18:36,0
1439-4456,,,,,,,,http://www.jmir.org/,2026-10-05 18:36,0
1441-3523,,,,,,,,https://www.tandfonline.com/toc/rsmr20/current,2026-10-05 18:36,0
1460-1060,,,,,,,,http://www.emeraldinsight.com/1460-1060.htm,2026-10-05 18:36,0
1460-3713,,,,,,,,http://www.sagepub.com/journals/Journal200942/title,2026-10-05 18:36,0
1460-8545,,,,,,,,http://onlinelibrary.wiley.com/journal/10.1111/(ISSN)1468-2370,2026-10-05 18:35,0
1461-7307,,,,,,,,http://mlq.sagepub.com/,2026-10-05 18:36,0
1464-3510,,,,,,,,http://biomet.oupjournals.org/,2026-10-05 18:35,0
1464-3758,,,,,,,,http://jiel.oxfordjournals.org,2026-10-05 18:36,0
1464-5114,,,,,,,,https://www.tandfonline.com/toc/tepn20/current,2026-10-05 18:36,0
1465-0045,,,,,,,,https://www.tandfonline.com/toc/fgeo20/current,2026-10-05 18:36,0
1465-7368,,,,,,,,https://academic.oup.com/rfs,2026-10-05 18:35,0
1466-4429,,,,,,,,https://www.tandfonline.com/toc/rjpp20/current,2026-10-05 18:36,0
1466-4437,,,,,,,,https://us.sagepub.com/en-us/nam/journal-of-information-technology/journal203546,2026-10-05 18:36,0
1467-0895,,,,,,,,https://www.journals.elsevier.com/international-journal-of-accounting-information-systems,2026-10-05 18:36,0
1467-6419,,,,,,,,http://onlinelibrary.wiley.com/journal/10.1111/(ISSN)1467-6419,2026-10-05 18:36,0
1467-8276,,,,,,,,https://onlinelibrary.wiley.com/journal/14678276,2026-10-05 18:36,0
1467-8667,,,,,,,,https://onlinelibrary.wiley.com/journal/14678667,2026-10-05 18:36,0
1467-9299,,,,,,,,http://onlinelibrary.wiley.com/journal/10.1111/(ISSN)1467-9299,2026-10-05 18:35,0
1467-9310,,,,,,,,https://onlinelibrary.wiley.com/journal/14679310,2026-10-05 18:36,0
1467-9868,,,,,,,,https://academic.oup.com/jrsssb,2026-10-05 18:35,0
1468-0297,,,,,,,,https://academic.oup.com/ej,2026-10-05 18:35,0
1468-0432,,,,,,,,http://onlinelibrary.wiley.com/journal/10.1111/(ISSN)1468-0432,2026-10-05 18:36,0
1468-2346,,,,,,,,http://www.internationalaffairsjournal.com/,2026-10-05 18:36,0
1468-2354,,,,,,,,https://onlinelibrary.wiley.com/journal/14682354,2026-10-05 18:35,0
1468-2389,,,,,,,,https://onlinelibrary.wiley.com/journal/14682389,2026-10-05 18:36,0
1468-2478,,,,,,,,https://academic.oup.com/isq,2026-10-05 18:36,0
1468-2702,,,,,,,,http://joeg.oxfordjournals.org/,2026-10-05 18:36,0
1468-5965,,,,,,,,http://onlinelibrary.wiley.com/journal/10.1111/(ISSN)1468-5965,2026-10-05 18:36,0
1469-8722,,,,,,,,http://wes.sagepub.com/,2026-10-05 18:36,0
1469-9044,,,,,,,,http://journals.cambridge.org/action/displayJournal?jid=ris,2026-10-05 18:36,0
1469-9923,,,,,,,,https://www.tandfonline.com/toc/cnpe20/current,2026-10-05 18:36,0
1470-160X,,,,,,,,https://www.journals.elsevier.com/ecological-indicators,2026-10-05 18:36,0
1470-5931,,,,,,,,http://www.sagepub.com/journals/Journal201550/title,2026-10-05 18:36,0
1470-6423,,,,,,,,https://onlinelibrary.wiley.com/journal/14706431,2026-10-05 18:36,0
1471-6372,,,,,,,,http://journals.cambridge.org/action/displayJournal?jid=JEH,2026-10-05 18:36,0
1471-7727,,,,,,,,https://www.journals.elsevier.com/information-and-organization,2026-10-05 18:36,0
1471-9045,,,,,,,,https://www.tandfonline.com/toc/rpxm20/current,2026-10-05 18:36,0
1472-8117,,,,,,,,https://www.journals.elsevier.com/the-international-journal-of-management-education,2026-10-05 18:36,0
1474-0346,,,,,,,,https://www.journals.elsevier.com/advanced-engineering-informatics,2026-10-05 18:36,0
1475-679X,,,,,,,,http://onlinelibrary.wiley.com/journal/10.1111/(ISSN)1475-679X,2026-10-05 18:35,0
1477-4054,,,,,,,,http://bib.oxfordjournals.org/,2026-10-05 18:36,0
1477-9803,,,,,,,,https://academic.oup.com/jpart,2026-10-05 18:35,0
1478-4092,,,,,,,,http://www.journals.elsevier.com/journal-of-purchasing-and-supply-management/,2026-10-05 18:36,0
1478-4491,,,,,,,,https://link.springer.com/journal/12960,2026-10-05 18:36,0
1479-1803,,,,,,,,https://link.springer.com/journal/41262,2026-10-05 18:36,0
1479-8417,,,,,,,,http://jfec.oxfordjournals.org,2026-10-05 18:36,0
1520-9210,,,,,,,,http://ieeexplore.ieee.org/servlet/opac?punumber=6046,2026-10-05 18:36,0
1521-9488,,,,,,,,https://academic.oup.com/isr,2026-10-05 18:36,0
1523-2409,,,,,,,,http://onlinelibrary.wiley.com/journal/10.1111/(ISSN)1745-493X,2026-10-05 18:35,0
1525-2019,,,,,,,,https://www.tandfonline.com/toc/ujia20/current,2026-10-05 18:35,0
1526-3800,,,,,,,,http://www.mitpressjournals.org/loi/glep,2026-10-05 18:36,0
1526-5455,,,,,,,,http://orgsci.pubs.informs.org/,2026-10-05 18:35,0
1526-5471,,,,,,,,http://www.informs.org/Pubs/MOR,2026-10-05 18:36,0
1526-5498,,,,,,,,http://pubsonline.informs.org/journal/msom,2026-10-05 18:35,0
1526-5536,,,,,,,,http://isr.journal.informs.org/,2026-10-05 18:35,0
1526-6125,,,,,,,,https://www.journals.elsevier.com/journal-of-manufacturing-processes,2026-10-05 18:36,0
1530-9134,,,,,,,,http://onlinelibrary.wiley.com/journal/10.1111/(ISSN)1530-9134,2026-10-05 18:36,0
1531-4804,,,,,,,,http://www.mitpressjournals.org/loi/isec,2026-10-05 18:35,0
1531-5088,,,,,,,,http://journals.cambridge.org/action/displayJournal?jid=INO,2026-10-05 18:35,0
1532-1096,,,,,,,,https://onlinelibrary.wiley.com/journal/15321096,2026-10-05 18:36,0
1532-7663,,,,,,,,https://onlinelibrary.wiley.com/journal/15327663,2026-10-05 18:35,0
1532-8007,,,,,,,,https://www.tandfonline.com/toc/hsem20/current,2026-10-05 18:35,0
1533-7928,,,,200.0,,,,http://www.jmlr.org/author-info.html,2026-10-05 18:36,0
1534-4320,,,,,,,,http://ieeexplore.ieee.org/servlet/opac?punumber=7333,2026-10-05 18:36,0
1535-3958,,,,,,,,https://onlinelibrary.wiley.com/journal/15353966,2026-10-05 18:36,0
1536-1233,,,12.0,,Por convocatoria,,"but nonessential information (such as appendices) should be submitted as supplemental material. The regular paper page length limit is defined at 12 formatted pages for Transactions and four formatted pages for Letters, including references and author biographies. Any pages or fracti",https://www.computer.org/publications/author-resources,2026-10-05 18:36,0
1536-1276,11000.0,,,,Convocatoria cerrada,2026-08-26,"les organized to provide comprehensive coverage of developments and the state of the art in each subject. They can be a maximum of fourteen pages, up to 11,000 words, up to 12 figures/tables, up to 6 simple equations, and up to 30 references. The Math Corner ComMag’s Math Corner is de",https://www.comsoc.org/publications/magazines/ieee-communications-magazine/policies-guidelines,2026-10-05 18:35,0
1536-867X,,,,,,,,https://us.sagepub.com/en-us/nam/the-stata-journal/journal203560,2026-10-05 18:36,0
1537-260X,,,40.0,,Por convocatoria,,"s, such as r2, R2, and ŋ2. Although there is no formal page limit, manuscripts submitted for this section are typically between 20 and 40 pages. As always, length should reflect the value of the contribution. Essays, Dialogues, and Interviews Essays are original",https://www.aom.org/publications/journals/publishing-with-aom/author-and-reviewer-resources/reviewer-resources/,2026-10-05 18:35,0
1537-2642,,,,,,,,http://www.nber.org/macroannualconference/macroannualconference.html,2026-10-05 18:35,0
1537-5285,,,,,,,,http://www.journals.uchicago.edu/jle,2026-10-05 18:36,0
1537-5927,,,,,,,,https://www.cambridge.org/core/journals/perspectives-on-politics,2026-10-05 18:35,0
1537-5943,4800.0,,,200.0,,,"e than 200 words; an abstract is required for all article types upon submission the number of words in the manuscript (not to exceed 4,800 words for articles and 3,600 for symposia); the number of figures and tables; and a anonymized manuscript in Microsoft Word K",https://apsanet.org/publications/journals/ps-political-science-politics/submission-guidelines/,2026-10-05 18:35,0
1538-4616,,,,,,,,http://onlinelibrary.wiley.com/journal/10.1111/(ISSN)1538-4616,2026-10-05 18:36,0
1540-5885,,,,,,,,http://onlinelibrary.wiley.com/journal/10.1111/(ISSN)1540-5885,2026-10-05 18:35,0
1540-6229,,,,,,,,https://onlinelibrary.wiley.com/journal/15406229,2026-10-05 18:36,0
1541-4140,,,,,,,,https://us.sagepub.com/en-us/nam/journal-of-educational-computing-research/journal202399,2026-10-05 18:36,0
1542-4774,,,,,,,,https://academic.oup.com/jeea,2026-10-05 18:35,0
1543-270X,,,,,,,,http://www.humankinetics.com/JSM,2026-10-05 18:36,0
1544-6131,,,,,,,,https://www.sciencedirect.com/journal/finance-research-letters,2026-10-05 18:36,0
1545-5971,,,,,,,,http://ieeexplore.ieee.org/servlet/opac?punumber=8858,2026-10-05 18:36,0
1547-7185,,,,,,,,https://us.sagepub.com/en-us/nam/journal-of-marketing/journal203561,2026-10-05 18:35,0
1547-7215,,,,,,,,https://us.sagepub.com/en-us/nam/journal-of-international-marketing/journal203576,2026-10-05 18:36,0
1548-7660,,,,,,,,http://www.jstatsoft.org/,2026-10-05 18:35,0
1548-8004,,,40.0,,,,may be 50 pages; footnotes may be smaller type and single-spaced). An Online Appendix may be included with additional material beyond the 40 pages for publication online only. The Online Appendix should not be excessive in length. For questions about the online subm,https://jhr.uwpress.org/content/authors,2026-10-05 18:35,0
1549-9626,,,,,,,,http://pubs.acs.org/journal/jctcce,2026-10-05 18:36,0
1551-3203,,,,,,,,http://ieeexplore.ieee.org/xpl/recentissue.jsp?punumber=9424,2026-10-05 18:35,0
1551-3963,,,,,,,,http://nowpublishers.com/product.aspx?product=HCI,2026-10-05 18:36,0
1552-3993,,,,,,,,http://gom.sagepub.com/,2026-10-05 18:36,0
1552-6542,,,,,,,,http://www.sagepub.com/journalsProdDesc.nav?prodId=Journal200922,2026-10-05 18:36,0
1552-6763,,,,,,,,http://www.sagepub.com/journals/Journal200788/title,2026-10-05 18:35,0
1552-7417,,,,,,,,http://oae.sagepub.com/,2026-10-05 18:36,0
1552-7425,,,,,,,,http://www.sagepub.com/journals/Journal200894/title,2026-10-05 18:35,0
1552-759X,,,,,,,,http://rop.sagepub.com/,2026-10-05 18:36,0
1552-8766,,,,,,,,http://www.sagepub.com/journals/Journal200764/title,2026-10-05 18:36,0
1553-7358,,,,,Por convocatoria,,or Responsibilities Professional Medical Writers Authorship Changes Author Identification ORCID Requirement and Deadline How ORCID Information Is Used How to Create and Link an ORCID Editor and Reviewer Requirements Authorship The f,https://journals.plos.org:443/ploscompbiol/s/authorship,2026-10-05 18:36,0
1554-0170,,,,,,,,https://www.tandfonline.com/toc/titd20/current,2026-10-05 18:36,0
1554-0634,,,,,,,,http://www.nowpublishers.com/qjps,2026-10-05 18:36,0
1555-7561,,,45.0,150.0,,,"e LaTeX template available from the journal’s support page: https://www.e-publications.org/es/support/ Papers should be limited to 45 pages, including references and appendices. The font size must be at least 12 points, line spacing at least 1.5, and all marg",https://www.econometricsociety.org/publications/econometrica/information-authors,2026-10-05 18:35,0
1556-1607,,,,,,,,https://www.springer.com/journal/11412,2026-10-05 18:35,0
1556-1852,,,,,,,,http://www.tandfonline.com/toc/fsst20/current,2026-10-05 18:36,0
1556-6021,,,14.0,250.0,Por convocatoria,,"s and are not part of the manuscript page count. (NOTE: For the IEEE Transactions on Multimedia, revised manuscript may not exceed 14 pages). For Overview Articles, the maximum length is double that for Regular Papers at each stage (please reference Overview",https://signalprocessingsociety.org/publications-resources/information-authors,2026-10-05 18:36,0
1556-6048,,,,,,,,http://ieeexplore.ieee.org/servlet/opac?punumber=10207,2026-10-05 18:36,0
1557-7317,,,,,,,,http://cacm.acm.org,2026-10-05 18:36,0
1557-7368,,,,,,,,https://tog.acm.org/,2026-10-05 18:35,0
1557-7392,,,,,,,,http://tosem.acm.org/,2026-10-05 18:36,0
1557-7805,,,,,,,,http://www.mesharpe.com/mall/results1.asp?acr=joa/,2026-10-05 18:35,0
1557-7813,,,,,,,,http://www.jpssm.org/,2026-10-05 18:36,0
1557-928X,,,,,,,,http://www.jmis-web.org/,2026-10-05 18:35,0
1557-9948,,,,,,,,http://ieeexplore.ieee.org/servlet/opac?punumber=41,2026-10-05 18:35,0
1558-0008,11000.0,,,,Convocatoria cerrada,2026-08-26,"les organized to provide comprehensive coverage of developments and the state of the art in each subject. They can be a maximum of fourteen pages, up to 11,000 words, up to 12 figures/tables, up to 6 simple equations, and up to 30 references. The Math Corner ComMag’s Math Corner is de",https://www.comsoc.org/publications/magazines/ieee-communications-magazine/policies-guidelines,2026-10-05 18:35,0
1558-0016,,,,,,,,http://ieeexplore.ieee.org/servlet/opac?punumber=6979,2026-10-05 18:36,0
1558-0687,11000.0,,,,Convocatoria cerrada,2026-08-26,"les organized to provide comprehensive coverage of developments and the state of the art in each subject. They can be a maximum of fourteen pages, up to 11,000 words, up to 12 figures/tables, up to 6 simple equations, and up to 30 references. The Math Corner ComMag’s Math Corner is de",https://www.comsoc.org/publications/magazines/ieee-communications-magazine/policies-guidelines,2026-10-05 18:35,0
1558-1896,11000.0,,,,Convocatoria cerrada,2026-08-26,"les organized to provide comprehensive coverage of developments and the state of the art in each subject. They can be a maximum of fourteen pages, up to 11,000 words, up to 12 figures/tables, up to 6 simple equations, and up to 30 references. The Math Corner ComMag’s Math Corner is de",https://www.comsoc.org/publications/magazines/ieee-communications-magazine/policies-guidelines,2026-10-05 18:35,0
1558-2183,,,,,,,,http://www.computer.org/tpds,2026-10-05 18:36,0
1558-2256,,,,,Convocatoria cerrada,2026-09-18,"log posts, video interviews, Proceedings of the IEEE in the press, and more! Announcement New IEEE Climate Magazine Call for Papers September 18, 2026 Best Paper Award 2026 Best Paper Award Winner September 10, 2026 Video A Message from th",https://proceedingsoftheieee.ieee.org/,2026-10-05 18:35,0
1558-3457,10000.0,,,,,,"15,000 words are very likely to receive extra scrutiny from the editors and may be returned to be shortened. An approximate guide for Research Perspectives is 10,000 words and for Editorials is 6000-8000 words. Manuscripts that exceed 65 pages including everything will not be sent out for r",https://aisel.aisnet.org/jais/authorinfo.html,2026-10-05 18:36,0
1558-6898,,,,,,,,http://mmr.sagepub.com/,2026-10-05 18:35,0
1558-9080,,,,200.0,Por convocatoria,,"ze-fits-all structure for doing this. However, there are specific types of content contained in such articles. The open call for papers explains this, and the template is provided below. Authors are NOT required to follow this template, but articles shoul",https://www.aom.org/publications/journals/publishing-with-aom/author-and-reviewer-resources/author-resources/submitting-to-perspectives/#articles,2026-10-05 18:35,0
1559-7075,,,,,,,,https://link.springer.com/journal/11528,2026-10-05 18:36,0
1559-744X,,,,,,,,http://www.springer.com/social+sciences/journal/11558,2026-10-05 18:36,0
1560-4292,,,,,,,,https://link.springer.com/journal/40593,2026-10-05 18:35,0
1564-6971,,,,,,,,http://www.worldbank.org/html/extpb/observer/obscont.htm,2026-10-05 18:36,0
1564-698X,,,,,,,,https://academic.oup.com/wber,2026-10-05 18:36,0
1567-2190,,,,,,,,http://www.nowpublishers.com/cit,2026-10-05 18:35,0
1568-4946,,,,,,,,https://www.journals.elsevier.com/applied-soft-computing,2026-10-05 18:36,0
1570-7156,,,,,,,,https://link.springer.com/journal/11129,2026-10-05 18:36,0
1572-2759,,,,,,,,http://www.nowpublishers.com/cgv,2026-10-05 18:35,0
1572-3089,,,,,,,,https://www.journals.elsevier.com/journal-of-financial-stability,2026-10-05 18:36,0
1572-8145,,,,,,,,https://link.springer.com/journal/10845,2026-10-05 18:36,0
1572-9419,,,,,,,,https://link.springer.com/journal/10796,2026-10-05 18:36,0
1573-0476,,,,,,,,https://www.springer.com/journal/11166,2026-10-05 18:36,0
1573-059X,,,,,,,,https://link.springer.com/journal/11002,2026-10-05 18:36,0
1573-0697,,,,,,,,http://www.springer.com/10551,2026-10-05 18:35,0
1573-0913,,,,,,,,http://www.springer.com/business+%26+management/business+for+professionals/journal/11187,2026-10-05 18:36,0
1573-2908,,,,,,,,https://link.springer.com/journal/10700,2026-10-05 18:36,0
1573-353X,,,,,,,,http://www.springer.com/journal/10869/about,2026-10-05 18:36,0
1573-6938,,,,,,,,https://www.springer.com/journal/10683,2026-10-05 18:36,0
1573-7020,,,,,,,,http://www.springer.com/economics/growth/journal/10887,2026-10-05 18:36,0
1573-7136,,,,,,,,http://www.springer.com/business/accounting/journal/11142,2026-10-05 18:35,0
1573-7527,,,,,,,,https://link.springer.com/journal/10514,2026-10-05 18:36,0
1574-0137,,,,,,,,https://www.journals.elsevier.com/computer-science-review,2026-10-05 18:35,0
1574-9541,,,,,,,,https://www.journals.elsevier.com/ecological-informatics,2026-10-05 18:36,0
1615-3383,,,,,,,,https://link.springer.com/journal/10208,2026-10-05 18:36,0
1741-0398,,,,,,,,http://info.emeraldinsight.com/products/journals/journals.htm?id=jeim,2026-10-05 18:36,0
1741-1440,,,,,,,,http://www.sagepub.com/journals/Journal200888/title,2026-10-05 18:36,0
1741-3044,,,,,,,,http://www.sagepub.com/journals/Journal201657/title,2026-10-05 18:35,0
1741-315X,,,,,,,,http://www.sagepub.com/journals/Journal201624/title,2026-10-05 18:35,0
1741-5659,,,,,,,,http://info.emeraldinsight.com/products/journals/journals.htm?PHPSESSID=ouk43674j44hafv5dfnbr7j7u5&id=itse,2026-10-05 18:36,0
1741-6248,,,,,,,,http://fbr.sagepub.com/,2026-10-05 18:35,0
1743-8764,,,,,,,,https://www.tandfonline.com/toc/fcsp20/current,2026-10-05 18:36,0
1743-9507,,,,,,,,https://www.tandfonline.com/toc/fsij20/current,2026-10-05 18:36,0
1744-3210,,,,,,,,https://www.tandfonline.com/toc/ncal20/current,2026-10-05 18:35,0
1744-4292,,,,,,,,http://msb.embopress.org/,2026-10-05 18:35,0
1744-9499,,,,,,,,https://www.tandfonline.com/toc/raie20/current,2026-10-05 18:36,0
1745-2767,,,,,,,,https://www.tandfonline.com/toc/nvpp20/current,2026-10-05 18:36,0
1745-9125,,,,,,,,http://onlinelibrary.wiley.com/journal/10.1002/(ISSN)1573-6598,2026-10-05 18:36,0
1745-9133,,,,,,,,https://onlinelibrary.wiley.com/journal/17459133,2026-10-05 18:36,0
1746-031X,,,,,,,,https://www.tandfonline.com/toc/resm20/current,2026-10-05 18:36,0
1746-1545,,,,,,,,https://www.tandfonline.com/toc/feus20/current,2026-10-05 18:36,0
1748-5983,,,,,,,,https://onlinelibrary.wiley.com/journal/17485991,2026-10-05 18:36,0
1748-8583,,,,,,,,https://onlinelibrary.wiley.com/journal/17488583,2026-10-05 18:35,0
1750-6824,,,,,,,,http://reep.oxfordjournals.org/,2026-10-05 18:36,0
1752-1386,,,,,,,,http://cjres.oxfordjournals.org,2026-10-05 18:36,0
1755-053X,,,,,,,,https://onlinelibrary.wiley.com/journal/1755053X,2026-10-05 18:35,0
1755-7739,,,,,,,,http://journals.cambridge.org/action/displayJournal?jid=EPR,2026-10-05 18:36,0
1756-2171,,,,,,,,https://onlinelibrary.wiley.com/journal/17562171,2026-10-05 18:35,0
1758-6550,,,,,,,,http://info.emeraldinsight.com/products/journals/journals.htm?id=ijlm,2026-10-05 18:36,0
1758-6593,,,,,,,,http://info.emeraldinsight.com/products/journals/journals.htm?PHPSESSID=ic7ngj4vkgo33k7rdtvand1a03&id=ijopm,2026-10-05 18:35,0
1758-7484,,,,,,,,http://www.emeraldinsight.com/info/journals/jkm/jkm.jsp,2026-10-05 18:36,0
1759-0876,,,,,,,,http://onlinelibrary.wiley.com/journal/10.1111/(ISSN)1759-0884,2026-10-05 18:35,0
1759-3948,,,,,,,,https://www.tandfonline.com/toc/rina20/current,2026-10-05 18:35,0
1759-7323,,,45.0,150.0,,,"e LaTeX template available from the journal’s support page: https://www.e-publications.org/es/support/ Papers should be limited to 45 pages, including references and appendices. The font size must be at least 12 points, line spacing at least 1.5, and all marg",https://www.econometricsociety.org/publications/econometrica/information-authors,2026-10-05 18:35,0
1839-3373,,,,,,,,https://www.tandfonline.com/toc/rpas20/current,2026-10-05 18:36,0
1839-5260,,,,,,,,https://www.journals.elsevier.com/journal-of-hospitality-and-tourism-management,2026-10-05 18:36,0
1863-6683,,,,,,,,https://www.springer.com/journal/11846,2026-10-05 18:36,0
1867-0202,,,,,,,,https://www.springer.com/journal/12599,2026-10-05 18:36,0
1867-2949,,,,,,,,https://www.springer.com/journal/12532,2026-10-05 18:36,0
1872-6305,,,,,,,,https://www.journals.elsevier.com/information-fusion,2026-10-05 18:35,0
1873-0353,,,,,,,,https://www.sciencedirect.com/journal/journal-of-international-economics,2026-10-05 18:35,0
1873-1317,,,,,,,,https://onlinelibrary.wiley.com/journal/18731317,2026-10-05 18:35,0
1873-1457,,,,,,,,http://www.elsevier.com/wps/find/journaldescription.cws_home/680835/description,2026-10-05 18:36,0
1873-5371,,,,,,,,http://www.journals.elsevier.com/information-processing-and-management/,2026-10-05 18:36,0
1873-5525,,,,,,,,https://www.journals.elsevier.com/the-internet-and-higher-education,2026-10-05 18:35,0
1877-8585,,,,,,,,https://www.journals.elsevier.com/journal-of-family-business-strategy,2026-10-05 18:36,0
1879-0658,,,,,,,,https://www.journals.elsevier.com/resources-conservation-and-recycling,2026-10-05 18:35,0
1879-2057,,,,,,,,http://www.sciencedirect.com/science/journal/00014575,2026-10-05 18:36,0
1879-2308,,,,,,,,https://www.journals.elsevier.com/regional-science-and-urban-economics,2026-10-05 18:36,0
1886-1784,,,,,,,,http://www.springer.com/journal/11831,2026-10-05 18:36,0
1932-2054,,,,,,,,https://onlinelibrary.wiley.com/journal/19322062,2026-10-05 18:36,0
1932-4391,,,,,,,,https://onlinelibrary.wiley.com/journal/1932443X,2026-10-05 18:35,0
1932-8346,,,,,,,,http://www.nowpublishers.com/sig,2026-10-05 18:36,0
1935-7516,,,,,,,,http://www.i-journals.org/ss/,2026-10-05 18:35,0
1935-8245,,,,,,,,http://www.nowpublishers.com/product.aspx?product=MAL,2026-10-05 18:35,0
1935-8253,,,,,,,,http://www.nowpublishers.com/rob,2026-10-05 18:35,0
1936-8631,,,,,,,,https://www.tandfonline.com/toc/whmm20/current,2026-10-05 18:35,0
1936-9743,,,,,,,,https://www.springer.com/journal/12063,2026-10-05 18:36,0
1939-1374,,,,,,,,http://ieeexplore.ieee.org/servlet/opac?punumber=4629386,2026-10-05 18:36,0
1939-1382,,,12.0,,Por convocatoria,,"but nonessential information (such as appendices) should be submitted as supplemental material. The regular paper page length limit is defined at 12 formatted pages for Transactions and four formatted pages for Letters, including references and author biographies. Any pages or fracti",https://www.computer.org/publications/author-resources,2026-10-05 18:36,0
1939-3520,,,12.0,,Por convocatoria,,"but nonessential information (such as appendices) should be submitted as supplemental material. The regular paper page length limit is defined at 12 formatted pages for Transactions and four formatted pages for Letters, including references and author biographies. Any pages or fracti",https://www.computer.org/publications/author-resources,2026-10-05 18:36,0
1939-7089,,,,,,,,http://jlo.sagepub.com/,2026-10-05 18:36,0
1941-0042,,,,,,,,http://ieeexplore.ieee.org/servlet/opac?punumber=83,2026-10-05 18:35,0
1941-0468,,,,,,,,https://ieeexplore.ieee.org/xpl/RecentIssue.jsp?punumber=8860,2026-10-05 18:35,0
1941-0476,,,14.0,250.0,Por convocatoria,,"s and are not part of the manuscript page count. (NOTE: For the IEEE Transactions on Multimedia, revised manuscript may not exceed 14 pages). For Overview Articles, the maximum length is double that for Regular Papers at each stage (please reference Overview",https://signalprocessingsociety.org/publications-resources/information-authors,2026-10-05 18:36,0
1941-1359,,,,,,,,http://www.annualreviews.org/journal/resource,2026-10-05 18:35,0
1941-1367,,,,,,,,http://www.annualreviews.org/journal/financial,2026-10-05 18:35,0
1941-1383,,,,,,,,http://www.annualreviews.org/journal/economics,2026-10-05 18:35,0
1941-6520,,,,,,,,https://journals.aom.org/journal/annals,2026-10-05 18:35,0
1942-4795,,,,,,,,https://onlinelibrary.wiley.com/journal/19424795,2026-10-05 18:36,0
1942-8537,30000.0,,,,,,"lume 176 in February 2026. Because only limited space remains in Volume 175, we will give strong preference to Articles between 20,000 and 30,000 words (including footnotes). Articles exceeding 35,000 words will not be considered for publication. General Guidelines We st",https://pennlawreview.com/submit/,2026-10-05 18:36,0
1943-5479,,,,,,,,http://ascelibrary.org/journal/jmenea,2026-10-05 18:36,0
1944-2866,,,,,,,,http://onlinelibrary.wiley.com/journal/10.1002/(ISSN)1944-2866,2026-10-05 18:36,0
1944-7981,,,40.0,,,,"ages. However, shorter, impactful papers will also be given full consideration. We strongly recommend that manuscripts not exceed a length equivalent to 40 pages when formatted using 11-point font, 1.5 spacing, and 1-inch margins, or 45 pages when formatted using 12-point font, 1.",https://www.aeaweb.org/journals/aer/submissions,2026-10-05 18:35,0
1945-0818,,,,,,,,https://www.tandfonline.com/toc/ujrt20/current,2026-10-05 18:36,0
1945-7669,,,,,,,,http://pubs.aeaweb.org/openurl?genre=journal&stitle=mic,2026-10-05 18:35,0
1945-7707,,,,,,,,http://books.google.com/books?id=6FlQAQAAIAAJ,2026-10-05 18:35,0
1945-7731,,,40.0,,,,"ages. However, shorter, impactful papers will also be given full consideration. We strongly recommend that manuscripts not exceed a length equivalent to 40 pages when formatted using 11-point font, 1.5 spacing, and 1-inch margins, or 45 pages when formatted using 12-point font, 1.",https://www.aeaweb.org/journals/pol/submissions,2026-10-05 18:35,0
1949-3045,,,,,,,,http://ieeexplore.ieee.org/servlet/opac?punumber=5165369,2026-10-05 18:36,0
1949-3061,,,,,,,,http://ieeexplore.ieee.org/xpl/RecentIssue.jsp?punumber=5165411,2026-10-05 18:35,0
1989-4007,,,,,Continua,,"or-in-chief: Ramón Arce Starting in 2026, The European Journal of Psychology Applied to Legal Context will implement a continuous publication model. This change aims to streamline scientific communication and reduce publication times, allowing accepted article",https://journals.copmadrid.org/ejpalc/,2026-10-05 18:36,0
2040-8021,,,,,,,,http://www.emeraldinsight.com/products/journals/journals.htm?id=sampj,2026-10-05 18:36,0
2041-3866,,,,,,,,https://us.sagepub.com/en-us/nam/journal/organizational-psychology-review,2026-10-05 18:35,0
2041-417X,,,,,,,,https://link.springer.com/journal/41308,2026-10-05 18:36,0
2042-5805,,,,,,,,https://onlinelibrary.wiley.com/journal/20425805,2026-10-05 18:35,0
2044-1398,,,,,,,,http://www.emeraldinsight.com/2044-1398.htm,2026-10-05 18:36,0
2044-8325,,,,,,,,http://onlinelibrary.wiley.com/journal/10.1111/(ISSN)2044-8325,2026-10-05 18:36,0
2045-9920,,,,,,,,https://academic.oup.com/raps,2026-10-05 18:35,0
2046-9136,,,,,,,,http://rcfs.oxfordjournals.org,2026-10-05 18:35,0
2047-1033,,,,,,,,http://journals.cambridge.org/action/displayJournal?jid=TEL,2026-10-05 18:36,0
2049-8470,,,,,,,,http://journals.cambridge.org/action/displayJournal?jid=RAM,2026-10-05 18:36,0
2050-1579,,,,,,,,https://us.sagepub.com/en-us/nam/journal/mobile-media-communication,2026-10-05 18:36,0
2052-4463,,,,,Por convocatoria,,"nd selected service level. Many academic editing services offer different turnaround options to meet journal submission deadlines. After editing, authors receive the revised manuscript with tracked changes and comments to review before submitting.",https://authorservices.springernature.com/go/sn/?utm_source=For+Authors&utm_medium=Website_Nature&utm_campaign=Platform+Experimentation+2022&utm_id=PE2022,2026-10-05 18:36,0
2053-1680,,,,,,,,https://us.sagepub.com/en-us/nam/journal/research-politics,2026-10-05 18:36,0
2053-9517,,,,,,,,https://us.sagepub.com/en-us/nam/journal/big-data-society,2026-10-05 18:36,0
2056-3051,,,,,,,,https://us.sagepub.com/en-us/nam/journal/social-media-society,2026-10-05 18:36,0
2056-6387,,,,,Por convocatoria,,"nd selected service level. Many academic editing services offer different turnaround options to meet journal submission deadlines. After editing, authors receive the revised manuscript with tracked changes and comments to review before submitting.",https://authorservices.springernature.com/go/sn/?utm_source=For+Authors&utm_medium=Website_Nature&utm_campaign=Platform+Experimentation+2022&utm_id=PE2022,2026-10-05 18:35,0
2057-3960,,,,,Por convocatoria,,"ct thermodynamics in hematite Hao Chen Baptiste Bienvenu Jörg Neugebauer ArticleOpen Access15 Aug 2026 Announcements Call for papers:MLfor automated experimentation in STEM We welcome submissions for a themed collection on ""Machine learning for automat",https://www.nature.com/npjcompumats/,2026-10-05 18:35,0
2095-8099,,,,,,,,https://www.journals.elsevier.com/engineering,2026-10-05 18:36,0
2096-0662,,,,,,,,https://www.springer.com/journal/41095,2026-10-05 18:35,0
2097-1087,,,,,,,,https://spj.sciencemag.org/journals/cbsystems/,2026-10-05 18:36,0
2097-406X,,,,,,,,https://ieeexplore.ieee.org/xpl/RecentIssue.jsp?punumber=8254253,2026-10-05 18:36,0
2150-8097,,,,,,,,http://www.eecs.umich.edu/db/pvldb/,2026-10-05 18:36,0
2153-2974,,,,,,,,https://www.tandfonline.com/toc/ujdl20/current,2026-10-05 18:36,0
2157-6912,,,,,,,,http://dl.acm.org/citation.cfm?id=J1318&CFID=72370079&CFTOKEN=39904203,2026-10-05 18:36,0
2157-846X,,,,,Por convocatoria,,"nd selected service level. Many academic editing services offer different turnaround options to meet journal submission deadlines. After editing, authors receive the revised manuscript with tracked changes and comments to review before submitting.",https://authorservices.springernature.com/go/sn/?utm_source=For+Authors&utm_medium=Website_Nature&utm_campaign=Platform+Experimentation+2022&utm_id=PE2022,2026-10-05 18:35,0
2158-1592,,,,,,,,http://onlinelibrary.wiley.com/journal/10.1002/(ISSN)2158-1592,2026-10-05 18:36,0
2162-237X,,,,,,,,http://cis.ieee.org/ieee-transactions-on-neural-networks-and-learning-systems.html,2026-10-05 18:35,0
2162-8564,,,,,,,,https://us.sagepub.com/en-us/nam/california-management-review/journal202706,2026-10-05 18:35,0
2168-1007,,,,,,,,http://www.amd.aom.org,2026-10-05 18:35,0
2168-2208,,,,,,,,http://ieeexplore.ieee.org/xpl/RecentIssue.jsp?punumber=6221020,2026-10-05 18:36,0
2168-2216,,,,,,,,http://ieeexplore.ieee.org/servlet/opac?punumber=3477,2026-10-05 18:35,0
2168-2275,,,,,,,,http://ieeexplore.ieee.org/servlet/opac?punumber=6221036,2026-10-05 18:35,0
2168-894X,,,,,,,,http://www.imstat.org/aop/,2026-10-05 18:35,0
2168-8966,,,,,,,,http://www.imstat.org/aos/,2026-10-05 18:35,0
2169-5172,,,,,,,,http://online.liebertpub.com/loi/SORO,2026-10-05 18:36,0
2196-1115,,,,,,,,https://journalofbigdata.springeropen.com,2026-10-05 18:36,0
2196-7091,,,,,,,,https://slejournal.springeropen.com,2026-10-05 18:35,0
2197-9995,,,,,,,,https://www.springer.com/journal/40692,2026-10-05 18:36,0
2198-1639,,,,,,,,https://www.springer.com/journal/11301,2026-10-05 18:36,0
2204-2296,,,,,,,,https://www.journals.elsevier.com/economic-analysis-and-policy,2026-10-05 18:36,0
2210-6502,,,,,,,,https://www.journals.elsevier.com/swarm-and-evolutionary-computation,2026-10-05 18:36,0
2211-9736,,,,,,,,https://www.journals.elsevier.com/tourism-management-perspectives,2026-10-05 18:36,0
2212-571X,,,,,,,,https://www.journals.elsevier.com/journal-of-destination-marketing-and-management,2026-10-05 18:36,0
2307-387X,,,,,,,,https://www.mitpressjournals.org/loi/tacl,2026-10-05 18:36,0
2325-5870,,,,,,,,http://ieeexplore.ieee.org/servlet/opac?punumber=6509490,2026-10-05 18:36,0
2326-8298,,,,,,,,http://www.annualreviews.org/journal/statistics,2026-10-05 18:35,0
2327-0608,,,,,,,,http://www.annualreviews.org/journal/orgpsych,2026-10-05 18:35,0
2327-4662,,,,,,,,https://ieeexplore.ieee.org/xpl/RecentIssue.jsp?punumber=6488907,2026-10-05 18:36,0
2327-4697,,,,,,,,http://ieeexplore.ieee.org/xpl/aboutJournal.jsp?punumber=6488902,2026-10-05 18:36,0
2329-9266,,,,,,,,http://ieeexplore.ieee.org/servlet/opac?punumber=6570654,2026-10-05 18:35,0
2332-3493,,,,,,,,https://www.mitpressjournals.org/loi/ajhe,2026-10-05 18:36,0
2332-7731,,,,,,,,http://ieeexplore.ieee.org/servlet/opac?punumber=6687307,2026-10-05 18:36,0
2332-7790,,,,,,,,http://ieeexplore.ieee.org/xpl/RecentIssue.jsp?punumber=6687317,2026-10-05 18:36,0
2333-2077,,,,,,,,http://pubsonline.informs.org/journal/stsc,2026-10-05 18:35,0
2333-5963,,,,,,,,http://www.press.uchicago.edu/ucp/journals/journal/jaere.html,2026-10-05 18:36,0
2340-9444,,,,,,,,https://www.journals.elsevier.com/brq-business-research-quarterly,2026-10-05 18:36,0
2352-6734,,,,,,,,https://www.journals.elsevier.com/journal-of-business-venturing-insights,2026-10-05 18:36,0
2353-1827,,,,,Por convocatoria,,final version of the paper with precise location of these changes (number of page and paragraph of the manuscript). The deadline for the implementation of the author's corrections is a maximum of 1 month. When additional time for implementing all r,https://oeconomia.pl/index.php/oc/authors,2026-10-05 18:36,0
2365-9440,,,,,,,,https://link.springer.com/journal/41239,2026-10-05 18:35,0
2377-2999,,,,,,,,https://www.jgea.org/resources/jgea/ojs/index.php/jgea/index,2026-10-05 18:36,0
2377-3766,,,,,,,,http://ieeexplore.ieee.org/servlet/opac?punumber=7083369,2026-10-05 18:36,0
2378-0967,,,,,,,,http://aplphotonics.aip.org,2026-10-05 18:36,0
2378-1823,,,,,,,,http://www.press.uchicago.edu/ucp/journals/journal/jacr.html,2026-10-05 18:36,0
2379-5077,,,,,,,,https://journals.asm.org/journal/msystems,2026-10-05 18:36,0
2379-8858,,,,,,,,http://ieeexplore.ieee.org/xpl/RecentIssue.jsp?punumber=7274857,2026-10-05 18:35,0
2398-4910,,,,,,,,https://academic.oup.com/ppmg,2026-10-05 18:36,0
2398-6352,,,,,Por convocatoria,,"nd selected service level. Many academic editing services offer different turnaround options to meet journal submission deadlines. After editing, authors receive the revised manuscript with tracked changes and comments to review before submitting.",https://authorservices.springernature.com/go/sn/?utm_source=For+Authors&utm_medium=Website_Nature&utm_campaign=Platform+Experimentation+2022&utm_id=PE2022,2026-10-05 18:35,0
2399-2875,,,,,,,,https://www.uclpress.co.uk/pages/europe-and-the-world-a-law-review,2026-10-05 18:36,0
2444-569X,,,,,,,,https://www.journals.elsevier.com/journal-of-innovation-and-knowledge,2026-10-05 18:35,0
2451-9588,,,,,,,,https://www.journals.elsevier.com/computers-in-human-behavior-reports,2026-10-05 18:36,0
2452-414X,,,,,,,,https://www.journals.elsevier.com/journal-of-industrial-information-integration,2026-10-05 18:36,0
2470-9476,,,,,,,,http://robotics.sciencemag.org/,2026-10-05 18:35,0
2471-2825,,,,,,,,http://ieeexplore.ieee.org/xpl/RecentIssue.jsp?punumber=7886829,2026-10-05 18:36,0
2471-285X,,,,,,,,https://ieeexplore.ieee.org/xpl/RecentIssue.jsp?punumber=7433297,2026-10-05 18:36,0
2472-1751,,,,,,,,https://www.mitpressjournals.org/netn,2026-10-05 18:36,0
2473-2397,,,,,,,,http://ieeexplore.ieee.org/servlet/opac?punumber=6245518,2026-10-05 18:35,0
2473-2400,,,,,,,,https://ieeexplore.ieee.org/xpl/RecentIssue.jsp?punumber=7511293,2026-10-05 18:36,0
2504-4990,,,,,,,,https://www.mdpi.com/journal/make,2026-10-05 18:36,0
2510-2044,,,,,,,,https://link.springer.com/journal/41781,2026-10-05 18:36,0
2522-0691,,,,,,,,https://link.springer.com/journal/42214,2026-10-05 18:36,0
2522-5839,,,,,Por convocatoria,,"nd selected service level. Many academic editing services offer different turnaround options to meet journal submission deadlines. After editing, authors receive the revised manuscript with tracked changes and comments to review before submitting.",https://authorservices.springernature.com/go/sn/?utm_source=For+Authors&utm_medium=Website_Nature&utm_campaign=Platform+Experimentation+2022&utm_id=PE2022,2026-10-05 18:35,0
2542-6605,,,,,,,,https://www.sciencedirect.com/journal/internet-of-things,2026-10-05 18:36,0
2572-4568,,,,,,,,http://www.annualreviews.org/journal/criminol,2026-10-05 18:36,0
2573-5144,,,,,,,,https://www.annualreviews.org/journal/control,2026-10-05 18:35,0
2589-7217,,,,,,,,https://www.sciencedirect.com/journal/artificial-intelligence-in-agriculture,2026-10-05 18:36,0
2589-7500,,,,,,,,https://www.journals.elsevier.com/the-lancet-digital-health,2026-10-05 18:35,0
2631-7877,,,,,,,,https://us.sagepub.com/en-us/nam/organization-theory/journal203655,2026-10-05 18:35,0
2631-9268,,,,,,,,https://academic.oup.com/nargab,2026-10-05 18:36,0
2637-8051,,,,,,,,https://dl.acm.org/journal/health,2026-10-05 18:36,0
2638-6100,,,,,,,,https://pubs.rsna.org/journal/ai,2026-10-05 18:35,0
2644-125X,,,,,,,,https://ieeexplore.ieee.org/xpl/RecentIssue.jsp?punumber=8782661,2026-10-05 18:36,0
2653-6226,,,,250.0,,,,https://www.sciltp.com/journals/ijndi/instructionForAuthors,2026-10-05 18:35,0
2662-8457,,,,,Por convocatoria,,"nd selected service level. Many academic editing services offer different turnaround options to meet journal submission deadlines. After editing, authors receive the revised manuscript with tracked changes and comments to review before submitting.",https://authorservices.springernature.com/go/sn/?utm_source=For+Authors&utm_medium=Website_Nature&utm_campaign=Platform+Experimentation+2022&utm_id=PE2022,2026-10-05 18:35,0
2662-9291,,,,,,,,https://satellite-navigation.springeropen.com,2026-10-05 18:35,0
2665-9085,,,,,,,,https://computationalcommunication.org/ccr,2026-10-05 18:36,0
2666-1659,,,,,,,,https://www.journals.elsevier.com/developments-in-the-built-environment,2026-10-05 18:36,0
2666-3074,,,,,,,,https://www.sciencedirect.com/journal/international-journal-of-cognitive-computing-in-engineering,2026-10-05 18:36,0
2666-4127,,,,,,,,https://www.sciencedirect.com/journal/sustainable-operations-and-computers,2026-10-05 18:36,0
2666-5468,,,,,,,,https://www.journals.elsevier.com/energy-and-ai,2026-10-05 18:36,0
2666-5573,,,,,,,,https://www.journals.elsevier.com/computers-and-education-open,2026-10-05 18:35,0
2666-6030,,,,,,,,https://www.sciencedirect.com/journal/international-journal-of-intelligent-networks,2026-10-05 18:36,0
2666-6510,,,,,,,,https://www.sciencedirect.com/journal/ai-open,2026-10-05 18:35,0
2666-920X,,,,,,,,https://www.journals.elsevier.com/computers-and-education-artificial-intelligence,2026-10-05 18:35,0
2666-9544,,,,,,,,https://www.journals.elsevier.com/digital-business,2026-10-05 18:36,0
2667-0968,,,,,,,,https://www.journals.elsevier.com/international-journal-of-information-management-data-insights,2026-10-05 18:36,0
2667-2375,,,,,,,,https://www.journals.elsevier.com/cell-reports-methods,2026-10-05 18:36,0
2667-2413,,,,,,,,https://www.sciencedirect.com/journal/cognitive-robotics,2026-10-05 18:36,0
2667-2952,,,,,,,,https://www.journals.elsevier.com/high-confidence-computing,2026-10-05 18:36,0
2667-3452,,,,,,,,https://www.sciencedirect.com/journal/internet-of-things-and-cyber-physical-systems,2026-10-05 18:35,0
2667-3789,,,,,,,,https://www.journals.elsevier.com/resources-conservation-and-recycling-advances,2026-10-05 18:36,0
2687-9735,,,,,,,,https://ieeexplore.ieee.org/xpl/mostRecentIssue.jsp?punumber=8847244,2026-10-05 18:36,0
2691-3399,,,,,,,,https://journals.aps.org/prxquantum/,2026-10-05 18:35,0
2731-538X,,,,,,,,https://link.springer.com/journal/11633,2026-10-05 18:36,0
2772-2724,,,,,,,,https://www.journals.elsevier.com/chip,2026-10-05 18:36,0
2772-3909,,,,,,,,https://www.journals.elsevier.com/cleaner-logistics-and-supply-chain,2026-10-05 18:36,0
2772-4247,,,,,,,,https://www.journals.elsevier.com/communications-in-transportation-research,2026-10-05 18:36,0
2772-4859,,,,,,,,https://www.sciencedirect.com/journal/benchcouncil-transactions-on-benchmarks-standards-and-evaluations,2026-10-05 18:36,0
2772-6622,,,,,,,,https://www.journals.elsevier.com/decision-analytics-journal,2026-10-05 18:36,0
2777-5860,,,,,,,,https://ojmo.centre-mersenne.org/,2026-10-05 18:36,0
2956-2384,,,,,,,,https://www.dma-journal.org/index.php/dema,2026-10-05 18:36,0
3006-5429,,,,,,,,https://mesopotamian.press/journals/index.php/BJML,2026-10-05 18:36,0
3006-5437,,,,,,,,https://mesopotamian.press/journals/index.php/BJAI,2026-10-05 18:36,0
