area,tema,n,n_prev,fecha
Administración y Auditoría,Environmental Sustainability in Business,2611,1708,2026-10-05 22:13
Administración y Auditoría,Corporate Social Responsibility Reporting,2587,1265,2026-10-05 22:13
Administración y Auditoría,Sustainable Supply Chain Management,1719,1487,2026-10-05 22:13
Administración y Auditoría,"Energy, Environment, Economic Growth",1180,1058,2026-10-05 22:13
Administración y Auditoría,Supply Chain Resilience and Risk Management,1139,574,2026-10-05 22:13
Administración y Auditoría,Corporate Finance and Governance,1125,1410,2026-10-05 22:13
Administración y Auditoría,"Auditing, Earnings Management, Governance",1113,697,2026-10-05 22:13
Administración y Auditoría,Digital Transformation in Industry,1108,552,2026-10-05 22:13
Administración y Auditoría,Job Satisfaction and Organizational Behavior,973,784,2026-10-05 22:13
Administración y Auditoría,Digital Marketing and Social Media,899,1183,2026-10-05 22:13
Administración y Auditoría,AI in Service Interactions,874,328,2026-10-05 22:13
Administración y Auditoría,Entrepreneurship Studies and Influences,864,1111,2026-10-05 22:13
Administración y Auditoría,Technology Adoption and User Behaviour,852,859,2026-10-05 22:13
Administración y Auditoría,Sustainable Finance and Green Bonds,802,281,2026-10-05 22:13
Administración y Auditoría,Innovation and Knowledge Management,781,823,2026-10-05 22:13
Ciencias Jurídicas,Crime Patterns and Interventions,446,503,2026-10-05 22:13
Ciencias Jurídicas,Intimate Partner and Family Violence,440,440,2026-10-05 22:13
Ciencias Jurídicas,"Populism, Right-Wing Movements",416,307,2026-10-05 22:13
Ciencias Jurídicas,Political Conflict and Governance,384,361,2026-10-05 22:13
Ciencias Jurídicas,International Relations and Foreign Policy,379,293,2026-10-05 22:13
Ciencias Jurídicas,Traffic and Road Safety,355,310,2026-10-05 22:13
Ciencias Jurídicas,Criminal Justice and Corrections Analysis,335,375,2026-10-05 22:13
Ciencias Jurídicas,Global Security and Public Health,332,105,2026-10-05 22:13
Ciencias Jurídicas,"Psychopathy, Forensic Psychiatry, Sexual Offending",328,173,2026-10-05 22:13
Ciencias Jurídicas,Electoral Systems and Political Participation,317,408,2026-10-05 22:13
Ciencias Jurídicas,Policing Practices and Perceptions,305,217,2026-10-05 22:13
Ciencias Jurídicas,Sexual Assault and Victimization Studies,277,207,2026-10-05 22:13
Ciencias Jurídicas,European Union Policy and Governance,275,390,2026-10-05 22:13
Ciencias Jurídicas,Peacebuilding and International Security,263,175,2026-10-05 22:13
Ciencias Jurídicas,Soviet and Russian History,257,66,2026-10-05 22:13
Ciencias de la Computación y TI,Advanced Neural Network Applications,11435,6251,2026-10-05 22:13
Ciencias de la Computación y TI,Topic Modeling,6248,5956,2026-10-05 22:13
Ciencias de la Computación y TI,Multimodal Machine Learning Applications,5999,2583,2026-10-05 22:13
Ciencias de la Computación y TI,Generative Adversarial Networks and Image Synthesis,5886,2050,2026-10-05 22:13
Ciencias de la Computación y TI,Advanced Graph Neural Networks,5609,2250,2026-10-05 22:13
Ciencias de la Computación y TI,Domain Adaptation and Few-Shot Learning,5479,2503,2026-10-05 22:13
Ciencias de la Computación y TI,Explainable Artificial Intelligence (XAI),4397,1504,2026-10-05 22:13
Ciencias de la Computación y TI,Adversarial Robustness in Machine Learning,4392,2271,2026-10-05 22:13
Ciencias de la Computación y TI,Machine Learning in Healthcare,3847,1837,2026-10-05 22:13
Ciencias de la Computación y TI,Artificial Intelligence in Healthcare and Education,3772,1916,2026-10-05 22:13
Ciencias de la Computación y TI,Smart Agriculture and AI,3696,3018,2026-10-05 22:13
Ciencias de la Computación y TI,Emotion and Mood Recognition,3527,1540,2026-10-05 22:13
Ciencias de la Computación y TI,IoT and Edge/Fog Computing,3433,3620,2026-10-05 22:13
Ciencias de la Computación y TI,Anomaly Detection Techniques and Applications,3273,6100,2026-10-05 22:13
Ciencias de la Computación y TI,Privacy-Preserving Technologies in Data,3232,3256,2026-10-05 22:13
Economía y Finanzas,"Energy, Environment, Economic Growth",3319,3397,2026-10-05 22:13
Economía y Finanzas,Corporate Social Responsibility Reporting,2595,1548,2026-10-05 22:13
Economía y Finanzas,Environmental Sustainability in Business,2336,1766,2026-10-05 22:13
Economía y Finanzas,Corporate Finance and Governance,1777,2644,2026-10-05 22:13
Economía y Finanzas,Market Dynamics and Volatility,1636,2383,2026-10-05 22:13
Economía y Finanzas,"Auditing, Earnings Management, Governance",1607,1029,2026-10-05 22:13
Economía y Finanzas,Sustainable Finance and Green Bonds,1564,674,2026-10-05 22:13
Economía y Finanzas,Financial Markets and Investment Strategies,1343,1297,2026-10-05 22:13
Economía y Finanzas,Sustainable Supply Chain Management,1117,1087,2026-10-05 22:13
Economía y Finanzas,"FinTech, Crowdfunding, Digital Finance",1098,857,2026-10-05 22:13
Economía y Finanzas,"Banking stability, regulation, efficiency",1066,1091,2026-10-05 22:13
Economía y Finanzas,Economic Growth and Development,1047,769,2026-10-05 22:13
Economía y Finanzas,Environmental Impact and Sustainability,993,706,2026-10-05 22:13
Economía y Finanzas,Microfinance and Financial Inclusion,848,775,2026-10-05 22:13
Economía y Finanzas,Sustainability and Climate Change Governance,820,113,2026-10-05 22:13
Gestión Empresarial,Environmental Sustainability in Business,2662,2153,2026-10-05 22:13
Gestión Empresarial,Corporate Social Responsibility Reporting,2225,1568,2026-10-05 22:13
Gestión Empresarial,Sustainable Supply Chain Management,2017,1961,2026-10-05 22:13
Gestión Empresarial,Digital Transformation in Industry,1465,1026,2026-10-05 22:13
Gestión Empresarial,Digital Marketing and Social Media,1421,1965,2026-10-05 22:13
Gestión Empresarial,AI in Service Interactions,1362,848,2026-10-05 22:13
Gestión Empresarial,Supply Chain Resilience and Risk Management,1327,880,2026-10-05 22:13
Gestión Empresarial,Diverse Aspects of Tourism Research,1290,875,2026-10-05 22:13
Gestión Empresarial,"Energy, Environment, Economic Growth",1268,1430,2026-10-05 22:13
Gestión Empresarial,Supply Chain and Inventory Management,1128,859,2026-10-05 22:13
Gestión Empresarial,Technology Adoption and User Behaviour,1100,1414,2026-10-05 22:13
Gestión Empresarial,Vehicle Routing Optimization Methods,1045,539,2026-10-05 22:13
Gestión Empresarial,Ethics and Social Impacts of AI,997,716,2026-10-05 22:13
Gestión Empresarial,Advanced Neural Network Applications,996,393,2026-10-05 22:13
Gestión Empresarial,IoT and Edge/Fog Computing,980,871,2026-10-05 22:13
Sistemas de Información,Advanced Neural Network Applications,4883,2330,2026-10-05 22:13
Sistemas de Información,Advanced Graph Neural Networks,2698,1014,2026-10-05 22:13
Sistemas de Información,Artificial Intelligence in Healthcare and Education,2482,1457,2026-10-05 22:13
Sistemas de Información,Domain Adaptation and Few-Shot Learning,2389,970,2026-10-05 22:13
Sistemas de Información,Multimodal Machine Learning Applications,2051,875,2026-10-05 22:13
Sistemas de Información,Machine Fault Diagnosis Techniques,2046,1173,2026-10-05 22:13
Sistemas de Información,Topic Modeling,2021,1966,2026-10-05 22:13
Sistemas de Información,Robotics and Sensor-Based Localization,1952,1655,2026-10-05 22:13
Sistemas de Información,Generative Adversarial Networks and Image Synthesis,1936,535,2026-10-05 22:13
Sistemas de Información,UAV Applications and Optimization,1792,852,2026-10-05 22:13
Sistemas de Información,Machine Learning in Healthcare,1694,871,2026-10-05 22:13
Sistemas de Información,IoT and Edge/Fog Computing,1590,1513,2026-10-05 22:13
Sistemas de Información,Adversarial Robustness in Machine Learning,1567,693,2026-10-05 22:13
Sistemas de Información,Explainable Artificial Intelligence (XAI),1514,515,2026-10-05 22:13
Sistemas de Información,Autonomous Vehicle Technology and Safety,1509,1115,2026-10-05 22:13
